{"webXR": true, "xrMode": "immersive-vr", "headset": {"name": "Meta Quest 3", "position": [0, 1.6, 0], "rotation": [0, 0, 0], "velocity": [0, 0, 0]}, "controllers": [{"hand": "left", "position": [-0.3, 1, -0.5], "rotation": [0, 0, 0], "trigger": 0.5, "grip": 0.8, "thumbstick": [0.1, -0.2]}, {"hand": "right", "position": [0.3, 1, -0.5], "rotation": [0, 0, 0], "trigger": 0.3, "grip": 0.6, "thumbstick": [-0.1, 0.1]}], "frame": {"timestamp": 1640995200000, "predictedDisplayTime": 1640995200166, "viewerPose": {"position": [0, 1.6, 0], "orientation": [0, 0, 0, 1]}}}