{"sceneGraph": "room-scale", "vrObjects": [{"name": "Cube", "type": "cube", "position": [0, 1, -2], "rotation": [0, 0, 0], "scale": [1, 1, 1], "material": {"color": "#ff6b6b", "metalness": 0.2, "roughness": 0.8}}, {"name": "Sphere", "type": "sphere", "position": [1, 1.5, -1], "rotation": [0, 0, 0], "scale": [0.5, 0.5, 0.5], "material": {"color": "#4ecdc4", "metalness": 0.1, "roughness": 0.3}}, {"name": "Plane", "type": "plane", "position": [0, 0, -3], "rotation": [-1.57, 0, 0], "scale": [10, 10, 1], "material": {"color": "#95e1d3", "metalness": 0.0, "roughness": 1.0}}], "lighting": {"ambient": {"color": "#404040", "intensity": 0.4}, "directional": {"color": "#ffffff", "intensity": 0.8, "position": [5, 10, 5], "castShadow": true}}, "environment": "vr", "bounds": {"type": "room-scale", "maxBounds": [3, 2.5, 3], "minBounds": [-3, 0, -3]}}